01/12/2099 18:41:37,charliechaplin@fakemail.com,Charlie,Chaplin,Charlie Chaplin,charliechaplin@fakemail.com.com,COPC020007,V
01/12/2099 18:44:58,johntitor@fakemail.com,John,Titor,Titor John,johntitor@fakemail.com,COPC020007,V
03/12/2099 16:06:58,robertoppenheimer@fakemail.com,Robert,Oppenheimer,oppie,robertoppenheimer@fakemail.com,COPC020007,IV
04/12/2099 07:55:07,cpbacon@fakemail.com,Chris P.,Bacon,CrispyBacon,cpbacon@fakemail.com,FEPC020005,IV
15/11/2099 11:53:13,flagianotti@cem.ch,Fabio,Lagianotti,Faby Lagianotti,flagianotti@cem.ch,COPC020007,IV
17/11/2099 14:03:47,silverlj@fakemail.com,Long John,Silver,LJS,silverlj@fakemali.com,FEPC020005,IV
24/11/2099 08:01:04,xbarbiex@fakemail.com,Barbie,Barbie,xBARBIEx,xbarbiex@fakemail.com,COPC020007,V
15/11/2099 17:29:25,dio@dio.com,Gesù,Dio,ilcristo,dio@dio.com,SS19510,IV
23/12/2099 15:36:34,binidomenico@fakemail.com,Domenico,Bini,domenico bini,binidomenico@fakemail.com,FEPC020005,IV
16/11/2099 22:17:08,strosprobat@fakemail.com,Succo,Puccio,strosprobat,strosprobat@fakemail.com  ,FEPC020005,V
18/11/2099 15:04:48,silverlj@fakemail.com,Long John,Silver,LJS,silverlj@fakemail.com,FEPC020005,IV